first_name,last_name,age,country
Dario,Bellwood,44,France
Patten,Rue,37,Spain
Gui,Somersett,96,Russia
Deny,Loads,34,Spain
Zared,Battista,86,Brazil
Peggy,Mechell,45,China
Fan,Henrique,67,Russia
Ingeberg,Nation,59,Portugal
Rakel,Delwater,51,United States
Teddie,Bridewell,98,Indonesia
Koral,Filipychev,82,Peru
Janie,Slinger,24,China
Dur,Ferbrache,65,Russia
Xylia,Alesin,24,Greece
Tonya,Varndell,82,Croatia
Dorothea,Gainsbury,29,Indonesia
Gabbi,Austins,24,Niger
Feliza,Cano,52,Kyrgyzstan
Ediva,Goodhew,18,Ukraine
Annette,Mcall,71,China
Chrotoem,Cavey,55,Philippines
Cele,Fidelli,35,Sweden
Jobye,Spiller,51,Brazil
Aron,Dunlop,95,Guatemala
Johann,Ingledow,50,Poland
Kareem,Henke,51,Portugal
Erika,Cool,20,China
Quintin,Penman,44,Benin
Nedi,Hoxey,70,China
Rafferty,Garber,78,China
Pauline,Houtbie,32,Russia
Dennis,Bloxsom,74,Israel
Mamie,Hardwin,48,China
Heloise,Shewery,28,China
Padgett,Bransden,92,Russia
Othello,Guildford,26,Cameroon
Violante,Print,59,Bhutan
Clint,Gossipin,74,China
Kassie,Roxburgh,64,Japan
Dan,Nijssen,98,Portugal
Evan,Chelsom,44,Albania
Martita,Woolmington,83,Ukraine
Ellette,Jerrand,87,China
Rosmunda,Haig,46,Russia
Rafaela,Hamblyn,58,China
Jaclin,Venour,83,Afghanistan
Tobie,Luthwood,72,Poland
Dorian,Macklam,73,Croatia
Ailis,Drinan,49,Cuba
Veronike,Wyldish,74,Vietnam
Gertie,Stronough,33,Zambia
Leisha,Sirett,83,France
Rena,Barnson,49,Guam
Estell,Tookill,45,Nigeria
Wynne,Jendrich,98,Panama
Antonie,Igoe,39,Norway
Britteny,Hugh,32,Portugal
Sammie,Pidgeon,46,China
Othello,Bowle,94,South Africa
Donall,Gillow,82,Finland
Marsh,Reede,31,Guadeloupe
Keane,Rabbe,99,Ukraine
Benedicta,Daverin,91,Belarus
Philbert,Lettson,52,Indonesia
Noah,Lebrun,78,Serbia
Locke,Lavalde,34,North Korea
Layton,Wickerson,55,Morocco
Ingar,Filoniere,93,Brazil
Hasty,Stores,71,China
Amby,Canto,43,China
Farly,Farherty,25,Russia
Clarance,Laise,88,China
Jeremias,Dymocke,71,Macedonia
Becki,Bonfield,56,China
Boyd,Wren,57,France
Marven,Czyz,68,Philippines
Frannie,Sodory,43,Ghana
Johna,Fideler,63,Russia
Dell,Varndall,61,Gambia
Ingelbert,Eburah,81,French Polynesia
Herc,Ovenden,19,China
Valry,Ricardo,67,Russia
Eddy,Poynor,60,Nigeria
Bren,Vasilyevski,78,Indonesia
Valma,Dolligon,66,China
Siobhan,Taunton.,44,Sweden
Cordie,Owthwaite,39,Indonesia
Janean,Delhanty,57,Macedonia
Thalia,Abbie,65,Brazil
Spenser,Screaton,85,China
Tamqrah,Simecek,72,Kazakhstan
Kiersten,Chamney,25,China
Gabbey,McMenamy,67,China
Berny,Sondland,24,Mali
Dannel,Yeaman,62,Indonesia
Joyan,Curneen,88,Bosnia and Herzegovina
Baxy,Boyd,98,Saudi Arabia
Sterling,Brabbs,66,China
Larisa,Warre,94,Japan
Trueman,Derdes,73,Armenia
Leela,Sorby,60,Togo
Ives,MacGahey,52,Argentina
Ashleigh,Annott,91,France
Noland,Yonge,83,Mexico
Kaylil,Lorkings,33,Japan
Sibella,Hurley,56,Cameroon
Giovanna,Reinbeck,29,Indonesia
Audry,Brookes,91,Guatemala
Louella,Seckington,78,Russia
Wally,Cobain,91,Afghanistan
Blakeley,Bomfield,22,France
Coralyn,Stove,90,Philippines
Hyacinthe,Sharple,81,France
Isobel,Crichmere,35,Sudan
Emylee,Risbridge,71,Mexico
Vasilis,Donan,27,Greece
Nanon,Snowdon,93,Venezuela
Leonard,Sheers,91,Cuba
Lynsey,Woolfenden,55,China
Shannan,Seine,48,France
Kit,Hegden,63,Portugal
Almire,Ainsworth,23,Ukraine
Ingrim,Duignan,53,Syria
Elspeth,Astbery,84,Brazil
Darn,Hatter,57,Philippines
Rafaello,Kyrkeman,23,Russia
Cam,Nulty,54,China
Timmie,O'Sculley,74,Colombia
Latrina,Toffts,56,Indonesia
Rowan,Britt,75,Poland
Dalli,Terzo,81,Canada
Sigfrid,Dagwell,63,Sweden
Hermy,Sidebotham,46,Indonesia
Brina,Dimitrescu,90,China
Derry,Chazette,72,Jordan
Grannie,Readhead,19,China
Evangelin,de Quesne,22,Venezuela
Galven,Kopisch,31,Russia
Clementine,Iredell,96,Philippines
Westbrooke,Rafe,52,Japan
Kiley,Micco,63,Portugal
Phyllys,Espinel,77,Armenia
Lark,Dougill,82,Nigeria
Arlyne,Schnitter,90,Kazakhstan
Jeannine,Ironside,35,Belarus
Homerus,Mitchinson,80,Indonesia
Dane,Hannond,25,Indonesia
Abba,Trundell,30,Philippines
Preston,Hawler,29,United States
Kevyn,Bettington,95,China
Erskine,Draycott,36,China
Keir,Bickell,68,Bulgaria
Courtnay,Shedd,62,Armenia
Brynne,Helliker,35,Philippines
Obadiah,MacKonochie,96,Peru
Josie,Cuttell,54,Indonesia
Tami,Bartelet,63,China
Adda,MacKibbon,57,Poland
Noach,Owttrim,49,Peru
Marietta,Gally,54,Sweden
Priscella,Winsper,94,China
Gretel,Blewis,72,Philippines
Ollie,Pallaske,38,Tajikistan
Garland,Chessman,31,Georgia
Romonda,Upham,88,Canada
Stoddard,Blackwood,21,Latvia
Rhianna,Turtle,84,North Korea
Lora,Paulsson,80,Indonesia
Timmie,Arnowicz,56,Azerbaijan
Estrella,McClory,21,Serbia
Beitris,Corser,46,China
Valeria,Sinnat,31,China
Gussy,Szimoni,71,Sweden
Mic,Carleton,65,China
Danielle,Waddy,81,Indonesia
Marguerite,Lammie,93,China
Gray,Corriea,99,Philippines
Paco,Blaby,82,Peru
Theodora,Shuttleworth,72,China
Ellen,Boldecke,79,Portugal
Scot,Van Der Straaten,24,Poland
Marlane,Neeson,24,Mongolia
Netty,Khomich,37,Indonesia
Dulsea,Rex,33,Myanmar
Trixie,Vose,29,Brazil
Marrissa,Leathart,37,Egypt
Karlyn,Bister,24,Madagascar
Terrill,Credland,28,Portugal
Corabelle,Nowick,64,Indonesia
Cristina,Leyburn,31,Czech Republic
Anya,Goulbourn,36,China
Pooh,Sciusscietto,59,Syria
Mathew,Salthouse,53,Albania
Peri,Gert,48,Montenegro
Jasmin,Titterton,75,Russia
Manfred,Georg,66,Indonesia
Zebedee,Lorroway,68,Japan
Blinny,Jeary,82,Colombia
Pietra,Fetteplace,68,Slovenia
Bride,Smitheman,50,China
Jayne,Matuszkiewicz,53,Peru
Doralin,Simonaitis,70,Portugal
Delcine,Van der Brug,34,Bulgaria
Lauretta,Rudwell,88,Portugal
Andee,Ashall,91,Portugal
Darnell,Cork,76,Argentina
Marylee,Postance,26,China
Elwin,Danielsohn,89,China
Gordy,Purver,35,Greece
Rickie,Rozet,19,Poland
Lizzie,Bebbington,81,Namibia
Haze,Whiskin,84,Serbia
Gardie,Flucker,81,Portugal
Adriane,Antonignetti,57,Tunisia
Ellie,Fogel,89,China
Karita,Jeffcock,94,Sweden
Shayne,Brobak,84,Canada
Odette,Silberschatz,78,Indonesia
Christy,Cato,38,Indonesia
Faun,O'Loughnan,45,Indonesia
Zaria,Adriani,87,Albania
Anthea,Gowers,40,Tanzania
Ophelie,Diggins,79,Philippines
Nelle,Scandwright,79,Netherlands
Conrad,Searby,36,Iran
Curtice,Misken,33,Malaysia
Dill,Hunnawill,21,Indonesia
Fawn,Dand,57,Somalia
Zak,Ervine,83,Japan
Salli,Boustead,77,China
Marylin,Scollard,83,Russia
Mathe,Abbots,69,Indonesia
Miguelita,Drinkall,84,China
Marj,Coleford,77,Brazil
Adrianna,Ruffler,42,China
Thibaud,Jickells,62,China
Frederik,Bowlands,83,Chile
Khalil,Le Clercq,98,Indonesia
Mendy,Vasyanin,80,Indonesia
Lucas,Stuther,72,Thailand
Leslie,Poulsom,91,Czech Republic
Bo,Keating,64,China
Kaile,Robertz,44,Indonesia
Teodor,Arents,31,Iran
Vi,Guillotin,63,China
Leila,Kimbling,64,Moldova
Sherwood,Warden,98,China
Ede,Wisniewski,46,Philippines
Victoria,Van den Velde,44,Namibia
Obidiah,Champniss,42,Portugal
Tudor,Fancutt,96,Brazil
Garvey,Cohan,59,Sweden
Nara,Hopfer,61,Bangladesh
Corene,Hestrop,60,Trinidad and Tobago
Adey,Dodell,89,Japan
Rina,Sacher,89,Japan
Yolanda,Adam,54,Brazil
Blaine,Masic,69,Argentina
Conan,Blaza,96,Thailand
Tann,Winkworth,92,Czech Republic
Federico,Newlove,36,Poland
Sarge,Simnor,92,Indonesia
Arch,Plimmer,64,Mexico
Alana,Nail,93,Russia
Lib,Pachta,69,Mongolia
Pren,Suggitt,24,Indonesia
Burnaby,Nosworthy,73,Madagascar
Rebekkah,Hamlett,42,United States
Norry,Ruggen,91,Portugal
Bobbee,Sketchley,42,Brazil
Alberto,Ginity,93,Sweden
Sherman,Wallege,51,China
Ermanno,Wyke,53,United States
Flynn,Elleton,52,Panama
Liane,Foulger,26,Peru
Cally,Palleske,97,Russia
Sylvan,Calabry,22,Bolivia
Lynnelle,Harrap,90,Ukraine
Cammi,Breeds,45,China
Chrysler,Pessler,68,Kenya
Pacorro,Bruckent,79,Philippines
Benedict,Guest,92,Mexico
Joellyn,Fiorentino,80,Japan
Clarita,Fullman,70,Malaysia
Ephraim,Klug,54,Indonesia
Xena,Scarlet,25,Russia
Agnesse,Roscamps,39,Canada
Dotty,MacLice,86,Madagascar
Aaren,Woolsey,48,Poland
Myrtia,Kardos-Stowe,42,Russia
Timmy,Shearmur,24,Cambodia
Tiena,Lyffe,64,France
Ali,Gilhoolie,34,Brunei
Aristotle,Deniset,71,Finland
Halimeda,Pilipets,32,Russia
Olenolin,Malkin,87,Sweden
Sumner,Jorissen,60,Portugal
Martynne,Phair,33,Indonesia
Ruby,Gotts,19,Ecuador
Mae,Ivanikov,18,Slovenia
Roby,Gammell,86,Indonesia
Renault,Muldrew,48,Indonesia
Jozef,Davana,34,Uzbekistan
Elspeth,Rowles,95,Portugal
Ange,Killelay,63,Czech Republic
Ashlen,Gallahue,25,Comoros
Mario,Glasscott,45,China
Selestina,Christley,47,Bolivia
Rhetta,Mellanby,55,Russia
Thaddeus,Valek,77,Poland
Denney,Bedford,46,Brazil
Veronike,Probey,27,Russia
Barthel,Ramsey,97,Brazil
Vergil,Minico,55,New Zealand
Eileen,Pietasch,26,Mongolia
Paolo,Mosedale,91,Philippines
Kym,Boullin,28,Mexico
Jess,Kimbling,70,Indonesia
Glennie,O'Dee,73,Afghanistan
North,Stickney,66,China
Ludovika,Laughnan,25,France
Abra,Charlton,55,Indonesia
Guillema,Saura,62,Saudi Arabia
Dalis,Cardenas,86,Philippines
Mei,Leader,98,France
Mathilde,Bubbear,54,China
Otha,Chestney,59,Ukraine
Maddi,Lomansey,98,United States
Nikolaos,Gruszecki,33,China
Katuscha,Bramhill,49,China
Devinne,Hamberston,39,Russia
Raddy,de Quesne,69,Sweden
Wallas,Friend,63,Indonesia
Wren,Barcroft,18,Bangladesh
Boris,Farguhar,99,Latvia
Dame,Way,98,United States
Hershel,Childs,35,Poland
Kliment,Whitmarsh,45,China
Tarrah,Bernucci,26,Indonesia
Damiano,Fairburne,46,Indonesia
Valle,Boustead,44,Myanmar
Delora,Hardman,80,Burkina Faso
Kennedy,Stanex,41,Yemen
Didi,Dargan,77,China
Jobye,Lyffe,27,Greece
Matilde,Glusby,63,Iceland
Kelvin,Eby,99,Colombia
Tate,Castells,62,Greece
Jedidiah,Fintoph,22,Iran
Silvie,Mettricke,71,Japan
Brew,Shotboulte,92,Thailand
Gerik,Alkin,99,Philippines
Martguerita,Warr,38,Egypt
Barbra,Knappe,85,Philippines
Burty,Dowrey,65,Czech Republic
Roxi,Carlucci,44,Honduras
Inigo,Strathman,93,Russia
Batholomew,Krollman,84,Peru
Gerta,Eixenberger,74,Philippines
Jessalyn,Madoc-Jones,64,Philippines
Linnie,Acreman,73,Portugal
Ettore,Worstall,64,Vietnam
Hilly,Johantges,51,Brazil
Jermain,Beaufoy,90,Armenia
Kalle,McHardy,20,Indonesia
Caressa,Buttler,89,China
Glennie,Yves,97,Philippines
Nanon,Juschke,84,China
Prisca,Brislan,99,China
Ced,Kerfut,92,China
Anestassia,Norridge,38,Philippines
Jenilee,Tangye,69,France
Bethany,Matzeitis,91,China
Jacquelin,Riguard,75,Russia
Olin,Gendrich,49,Sweden
Hermon,Pardue,87,Albania
Horatia,Kauffman,42,Portugal
Jilleen,Trowsdale,76,Lesotho
Maryrose,Matuska,85,China
Joceline,Fibbitts,69,Serbia
Harlin,Hards,41,Peru
Jae,Kellington,54,Thailand
Adda,Argyle,92,Mexico
Claudina,Bengle,41,Morocco
Jess,Simonetto,79,Canada
Nathan,De Robertis,35,China
Brendon,Andreasen,79,Guinea
Irvin,Barette,45,Afghanistan
Randolf,Lanphere,79,Moldova
Emeline,Yakhin,25,Belgium
Alaine,Digginson,89,Dominican Republic
Ophelia,Headon,53,China
Lonna,Afonso,60,China
Seka,Mourge,93,China
Mathe,McCrorie,60,Russia
Dorelia,Ivantyev,64,Brazil
Miner,Fortnon,53,China
Dimitry,Wealleans,62,Sweden
Ab,Thornton,26,Indonesia
Kevina,Ditchett,62,China
Aubert,Durak,64,Russia
Taddeusz,Juzek,89,China
Mady,Erdely,47,China
Beaufort,Dilger,70,Greece
Catarina,Kelner,53,Poland
Isabel,Van T'Hoog,23,China
Carolin,Annes,93,Poland
Huntington,Say,19,Norway
Lydie,Ruselin,66,Iran
Farica,Linton,88,China
Maryann,Lindup,36,Canada
Dora,Filchagin,73,Belarus
Arleyne,Seyers,37,Philippines
Oates,Slater,34,Indonesia
Meris,Porcher,90,Russia
Mack,Goff,39,Thailand
Geoff,Beddall,93,Brazil
Shaylyn,Reihill,43,Russia
Reba,Leneve,47,Nigeria
Brear,McVeighty,88,China
Man,Ivatt,38,Spain
Chrysa,Rickard,99,Peru
Corilla,Squirrel,89,Portugal
Bone,Wyd,30,Indonesia
Alameda,Clapton,55,Latvia
Libbey,Eldered,44,Ukraine
Shara,Eger,71,China
Ericha,Werendell,67,Russia
Creighton,Ryce,84,Saudi Arabia
Emmaline,Charleston,99,Kazakhstan
See,McClunaghan,91,Greece
Raphael,Dumblton,81,Indonesia
Lionello,Youson,87,Sweden
Chrissie,Czajka,65,Estonia
Elvina,Sprull,20,Indonesia
Olimpia,Gronaver,20,Peru
Maritsa,Minihane,37,France
Analiese,Wessel,89,Sweden
Shell,Ekins,28,Russia
Marty,Thebes,70,France
Jo-ann,Crotty,80,Nigeria
Edithe,Cookes,80,Macedonia
Bunny,Claybourn,47,Indonesia
Jone,Ricco,81,Indonesia
Sileas,Arnaud,41,Argentina
Erick,Ferrolli,80,Brazil
Keefer,Lefeuvre,92,Vietnam
Coreen,Bachshell,39,China
Rem,McLagain,89,Czech Republic
Emili,Hayfield,98,Indonesia
Nara,Merrigans,79,Democratic Republic of the Congo
Moises,Balleine,59,Mauritius
Derk,Bonevant,29,Poland
Sile,Tuffey,76,Canada
Marin,Ivanshintsev,61,China
Loren,Abazi,83,Indonesia
Bronny,Caulier,83,France
Morry,Ottam,29,Indonesia
Alayne,Canti,60,France
Norbie,Compfort,86,China
Missy,Arrundale,39,China
Cicely,Simonyi,33,China
Ileane,Manginot,69,Morocco
Maurie,Grierson,83,Sweden
Emilia,Byrde,83,Portugal
Faydra,Swaddle,20,Brazil
Natty,Marshall,51,Cuba
Joceline,Goranov,71,Brazil
Brett,McGinty,69,Japan
Rochelle,Titmus,30,Zimbabwe
Carlyn,Elsey,29,Indonesia
Ileana,Batalini,27,Egypt
Morty,Hazael,58,France
Salomone,Jeanesson,47,China
Fredrika,Pusill,88,Tanzania
Caldwell,Menico,46,Paraguay
Deedee,Sainer,77,Philippines
Neille,Seago,84,France
Erroll,Feasley,38,Canada
Jamie,Gallally,71,France
Griff,Silverson,90,China
Sigfried,Peterkin,42,Chad
Roldan,Gorvette,76,Japan
Sebastien,Foss,60,Peru
Kristan,Armell,50,Iran
Jenica,Biggam,45,Albania
Melany,Mabbs,56,Norway
Dominica,Gooble,59,Argentina
Larry,Niave,52,Argentina
Celina,Lenox,32,South Africa
Carmelle,Valentine,71,Nicaragua
Noelyn,Ripon,99,Germany
Rolland,Sumbler,64,Bosnia and Herzegovina
Jermayne,Cappell,22,China
Augusto,Ratchford,45,Russia
Henryetta,Mannie,18,Poland
Emili,Badam,49,Colombia
Chickie,Husby,26,Sweden
Emmit,Shenfish,67,Iran
Cherish,Earl,35,China
