id,first_name,last_name,age,country
1,Eveline,Wakes,45,Philippines
2,Melva,Bittleson,45,China
3,Toby,Posvner,53,China
4,Corilla,Rennox,56,Philippines
5,Hestia,Balke,30,Syria
6,Imogene,Jaycocks,33,France
7,Easter,Pracy,93,Australia
8,Nicolina,Pietrowski,43,Vietnam
9,Ulises,Paxforde,97,Russia
10,Nickolai,Burdin,69,Morocco
11,Boigie,Eggleston,91,United States
12,Rosalinda,Ivons,98,Indonesia
13,Wilt,Gollop,28,Philippines
14,Harrison,De Miranda,67,France
15,Tiphanie,Watt,63,Qatar
16,Lilian,Claasen,53,New Caledonia
17,Axe,Rosbottom,69,Mongolia
18,Saraann,Churchward,50,Canada
19,Bridget,Stendell,23,United States
20,Claresta,Lowten,75,Slovenia
21,Mufi,Minchella,59,Brazil
22,Gertruda,Moreno,20,Russia
23,Jo-anne,Sibbson,71,Thailand
24,Garrek,Muxworthy,60,Palestinian Territory
25,Elke,Flewett,20,Philippines
26,Cleavland,Richter,91,Colombia
27,Eb,Letts,59,Germany
28,Marlin,Gounin,77,Central African Republic
29,Dannye,Riseam,76,Brazil
30,Lyon,Ply,22,Sweden
31,Marjory,Bristowe,64,Canada
32,Killian,Eveleigh,42,Indonesia
33,Leroi,Van Geffen,56,France
34,Ulises,Jennemann,27,China
35,Tove,Stickford,44,North Korea
36,Barbaraanne,Wilshaw,77,Russia
37,Livia,Hindes,25,Canada
38,Happy,Aitkenhead,21,China
39,Rosette,Overlow,39,China
40,Piper,Chevolleau,49,Indonesia
41,Annalee,Whoston,87,Sweden
42,Shana,Lambin,54,Portugal
43,Hilliard,Dugan,78,Sweden
44,Gayel,Merriment,36,Tunisia
45,Melitta,Conochie,89,China
46,Garfield,Hobbert,34,Peru
47,Nero,Hudel,56,Ireland
48,Gwenette,Sach,49,Afghanistan
49,Leonard,Cotelard,45,Afghanistan
50,Alana,Thorsby,40,South Africa
51,Teriann,Gruszka,79,Democratic Republic of the Congo
52,Layne,Lodford,95,Bosnia and Herzegovina
53,Seamus,De Blase,60,Russia
54,Siward,Berndtssen,44,Costa Rica
55,Joell,Humphrey,85,China
56,Archibold,Aspin,93,Vietnam
57,Markos,Bromfield,63,Ireland
58,Andee,Merrgan,65,China
59,Elmo,Dumblton,74,Peru
60,Franky,Scollan,47,Chile
61,Holly,McGray,56,Ghana
62,Vernice,O'Cahill,29,China
63,Faina,Matchitt,50,Indonesia
64,Kayley,Goldingay,56,Brazil
65,Sherrie,Durram,55,South Africa
66,Gery,Jermy,76,Indonesia
67,Greg,Growcock,43,Netherlands
68,Inger,Prickett,63,Afghanistan
69,Izak,Muehle,51,China
70,Frieda,Scardifield,50,China
71,Genevra,Pippin,81,Slovenia
72,Kennith,Stockall,25,South Korea
73,Marrissa,Arrol,77,Germany
74,Paddie,Van der Spohr,53,Indonesia
75,Benetta,Grimshaw,28,Czech Republic
76,Gina,Gave,38,Ukraine
77,Aylmer,Dallicoat,77,China
78,Leia,Hevner,26,China
79,Almeda,McGray,71,Brazil
80,Casper,Vinter,86,France
81,Michail,Leppingwell,21,Guatemala
82,Lavina,D'Almeida,64,France
83,Michell,Lyddiard,73,China
84,Biddy,MacAnellye,93,Peru
85,Britt,Reeveley,33,China
86,Jodi,Heffy,77,China
87,Daryl,Peppett,23,Syria
88,Gram,Goulston,22,Philippines
89,Revkah,Rouchy,59,Argentina
90,Holly,Filippozzi,97,Sweden
91,Mendel,Gatman,53,Russia
92,Dusty,McPherson,55,Poland
93,Casey,Pervoe,46,Myanmar
94,Shem,Crinkley,93,Israel
95,Brooke,Tavener,96,North Korea
96,Rhonda,Cozens,29,Argentina
97,Zena,Docket,87,China
98,Al,Bunner,28,Nicaragua
99,Dallon,Ahrenius,74,Japan
100,Rosana,Cothey,62,China
101,Fons,Cabrara,36,China
102,Lucina,Stillmann,83,Greece
103,Petey,Yurin,52,Indonesia
104,Andros,Allain,95,Russia
105,Lilian,Maberley,71,Indonesia
106,Vincenty,Christofol,28,Ukraine
107,Dania,Kier,76,Mexico
108,Sheelagh,Girke,91,China
109,Dora,Virgoe,45,Russia
110,Korrie,Goold,80,New Zealand
111,Ellswerth,Karpinski,86,Thailand
112,Shel,Hinkens,51,China
113,Trumaine,Freeman,86,Jordan
114,Shaun,Revell,65,Comoros
115,Clay,Dodgshun,53,Chile
116,Elden,Goracci,38,China
117,Anne,Trewartha,39,China
118,Blakelee,Hullock,23,Kazakhstan
119,Cortie,Bircher,35,Czech Republic
120,Land,Lidell,51,Indonesia
121,Callie,Aloshkin,37,Marshall Islands
122,Leelah,Vaney,62,Ukraine
123,Lurette,Linke,76,Brazil
124,Giff,Dran,47,France
125,Audrye,Rodder,38,Thailand
126,Britni,Tasker,71,Afghanistan
127,Karna,Costley,25,Iraq
128,Silvan,Burkman,91,Colombia
129,Anastassia,Kennelly,69,Bangladesh
130,Rebe,Halsall,57,Greenland
131,Martynne,Eitter,56,Panama
132,Mufinella,Jago,51,China
133,Quinlan,Clearie,34,Indonesia
134,Luisa,Doley,64,China
135,Niel,Connue,33,China
136,Eldridge,Gronowe,75,Myanmar
137,Merla,Neillans,72,China
138,Pincus,Wilsee,19,Philippines
139,Dierdre,Tobin,93,Russia
140,Tabby,Astill,35,Japan
141,Ethelyn,Acres,51,Netherlands
142,Clemmy,Chason,58,Bangladesh
143,Waylen,Trotter,52,Indonesia
144,Bel,Caldera,20,China
145,Nonie,Preshous,69,United States
146,Olivero,Cardus,58,China
147,Ivar,Adiscot,41,China
148,Vanna,Bestwall,99,Indonesia
149,Steffie,Stranio,82,France
150,Anthony,Pilfold,89,Syria
151,Mel,Nigh,96,Nigeria
152,Cameron,Watkins,28,Russia
153,Nerita,Le Borgne,82,Macedonia
154,Julissa,Taylour,23,Thailand
155,Constantine,Arsmith,91,Democratic Republic of the Congo
156,Kerk,Yeardsley,27,South Korea
157,Henrie,Rawsthorne,39,Indonesia
158,Zsazsa,Bysh,78,Bulgaria
159,Myles,Braam,51,Indonesia
160,Enoch,Bewley,19,Ukraine
161,Kiersten,Tincknell,52,United States
162,Malissia,Merryfield,30,Russia
163,Egon,Rambadt,52,Portugal
164,Melitta,Kirsche,42,China
165,Harli,Chamberlaine,34,France
166,Rowe,Allenson,49,China
167,Lewie,Lithcow,29,Nigeria
168,Lannie,Snoad,44,Philippines
169,Hinda,Kellard,75,Philippines
170,Augustina,Cooling,19,Indonesia
171,Weider,Moxom,72,Ukraine
172,Moise,Halbard,99,Indonesia
173,Drugi,Simkins,35,Russia
174,Sonja,Jindrak,25,Argentina
175,Ulrick,Casement,36,Ukraine
176,Staci,Drennan,49,China
177,Tobiah,Switland,73,China
178,Willard,Cosson,85,Democratic Republic of the Congo
179,Anette,Deniseau,34,Malaysia
180,Berkeley,Maund,85,Russia
181,Elwira,Adran,57,Canada
182,Ado,Jeger,19,China
183,Lev,Dowle,18,France
184,Nevsa,Granville,30,Brazil
185,Richmond,Ismead,53,China
186,Ibbie,Jefford,80,Indonesia
187,Durant,Calvard,31,Mongolia
188,Corbett,Larrett,94,Canada
189,Ileane,Kleinstein,99,Indonesia
190,Pyotr,Driver,77,Philippines
191,Tamarra,Catt,59,Philippines
192,Arnoldo,Malicki,39,Portugal
193,Rorie,Beevers,24,Indonesia
194,Alane,Gullam,96,Canada
195,Nina,Swetman,75,Russia
196,Coralyn,Boyse,36,Japan
197,Rene,Blenkharn,69,Palestinian Territory
198,King,A'Barrow,22,Afghanistan
199,Maire,Sartin,96,United States
200,Oliver,Forkan,55,Philippines
201,Inger,Huffa,99,Poland
202,Lauree,Altamirano,61,Indonesia
203,Keene,Tick,19,Colombia
204,Clive,Salkild,70,Kenya
205,Annissa,Robelet,97,France
206,Rebecca,Tongue,51,Philippines
207,Dulce,Befroy,74,Indonesia
208,Bonnie,Allatt,33,Afghanistan
209,Gusti,Doogue,19,Uzbekistan
210,Bobby,Cancellieri,54,Philippines
211,Art,O'Rourke,90,France
212,Erv,Vasilic,18,Pakistan
213,Bertrando,Dowbiggin,61,Philippines
214,Mercy,Tomasz,37,Philippines
215,Brigitta,Driscoll,70,Brazil
216,Bruis,Mohan,88,Japan
217,Major,MacKeever,56,Indonesia
218,Aggi,Janos,81,Czech Republic
219,Zerk,Mulloch,48,China
220,Tod,Rikkard,74,China
221,Perri,Whitebrook,24,South Africa
222,Delano,Kenderdine,98,China
223,Raimundo,Willmore,58,France
224,Isidore,Capener,52,Brazil
225,Betty,Wattins,64,Bosnia and Herzegovina
226,Elnore,Garmston,74,China
227,Hyacinthie,Pepin,83,Indonesia
228,Lorinda,Callery,65,Indonesia
229,Damaris,Pach,96,Indonesia
230,Hildagard,Janak,45,Russia
231,Imogene,Wiggett,41,China
232,Austin,Yeliashev,84,Poland
233,Yorke,Harvey,77,Peru
234,Cher,Cockrem,25,Philippines
235,Sibelle,Larose,74,China
236,Guenna,Chamberlaine,88,Indonesia
237,Hugh,Finlaison,51,Philippines
238,Cathee,Olphert,68,Brazil
239,Forest,Eles,32,Philippines
240,Carlita,Roper,87,China
241,Willy,Gosneye,18,Russia
242,Janka,Stapleford,69,China
243,Elvis,Domange,57,Philippines
244,Chadwick,Jimpson,20,Uzbekistan
245,Katerina,Coysh,30,Peru
246,Jerri,Becarra,63,Ukraine
247,Danice,Lathey,65,Estonia
248,Izzy,Enstone,34,Philippines
249,Ursala,Bertram,53,China
250,Tiphanie,Geyton,57,Poland
251,Sonny,Ferriday,85,Paraguay
252,Quincey,Kellar,61,Philippines
253,Lorettalorna,Boyack,91,Japan
254,Anatollo,Yerborn,49,Laos
255,Ase,Lidbetter,29,Macedonia
256,Ravid,Fewell,20,China
257,Elfreda,Ainley,98,Argentina
258,Luce,Brum,89,Spain
259,Addie,McCaughran,72,Thailand
260,Arlyn,Buxam,45,Indonesia
261,Cesar,Magnar,42,Tanzania
262,Jany,Jakov,18,Indonesia
263,Egon,Perillo,78,China
264,Hermy,Ruston,29,Portugal
265,Jeremias,Flanner,50,Indonesia
266,Hammad,Skipper,18,Peru
267,Michelle,Treby,87,Brazil
268,Tandy,Baud,46,Finland
269,Chrissie,Hegg,32,Ukraine
270,Allin,Unger,30,Turkmenistan
271,Ellyn,McNeachtain,39,Ukraine
272,Romeo,Laffoley-Lane,94,Indonesia
273,Misty,Rapport,34,Peru
274,Patrizius,Langan,82,Pakistan
275,Alikee,Jenk,37,New Zealand
276,Gerrie,Mayler,67,Colombia
277,Antonella,Yarrell,64,Senegal
278,Garwin,Cheeld,41,Netherlands
279,Gypsy,Wordsworth,24,Finland
280,Fidelio,Peyton,63,Iran
281,Lewiss,Ferrer,95,Greece
282,Brittaney,Balm,64,China
283,Hally,Mellish,75,Ukraine
284,Tracy,Woolger,20,Bosnia and Herzegovina
285,Krishnah,Bosma,53,China
286,Fay,Ventham,82,Russia
287,Ainslee,Springer,18,Japan
288,Marja,Chatten,89,China
289,Brig,Gladstone,95,Brazil
290,Hamnet,Nicolls,96,Indonesia
291,Costanza,de Merida,68,China
292,Porty,Guild,18,Indonesia
293,Adel,Hardin,66,China
294,Elsinore,McTrusty,27,China
295,Lenette,Jeremaes,28,Philippines
296,Bogart,Mueller,76,China
297,Dru,Jeram,68,Sweden
298,Joycelin,Thoms,73,Portugal
299,Honor,Rehn,95,Sweden
300,Nessa,Pentony,25,China
301,Philly,Venus,52,Philippines
302,Alvan,Marcroft,70,Philippines
303,Lorette,Bwye,19,Kosovo
304,Linnea,Heggie,92,Paraguay
305,Marget,Morat,69,Jordan
306,Miles,Knewstubb,80,Sierra Leone
307,Baillie,Forsyde,98,Cayman Islands
308,Valina,Joel,90,Poland
309,Rob,Mizzen,21,Indonesia
310,Dasi,Bende,35,China
311,Ora,Wohler,85,China
312,Alana,Newark,62,China
313,Netta,Dewane,49,China
314,Connie,Sculpher,69,Czech Republic
315,Dene,Landon,23,Iran
316,Chaddy,Douris,82,Sweden
317,Jessamyn,Sharville,92,Philippines
318,Shawnee,Durno,18,Argentina
319,Dorian,Jaszczak,88,China
320,Maggie,Hazart,24,Argentina
321,Elset,Loncaster,66,Armenia
322,Edmon,Fayre,45,China
323,Jill,Oag,34,Honduras
324,Mufi,Paule,90,Indonesia
325,Georges,Siberry,92,Guatemala
326,Marwin,Pittem,88,Estonia
327,Lisabeth,Milington,68,China
328,Wash,Habergham,48,Portugal
329,Carlotta,Dredge,19,Cuba
330,Vilma,Sherwin,71,China
331,Fabien,Matyatin,69,Canada
332,Gaspard,Hearsum,78,Philippines
333,Lucais,Wayman,58,Indonesia
334,Nichols,Fernando,81,France
335,Colas,Garrold,97,Croatia
336,Jess,Davidwitz,57,Syria
337,Ashleigh,Common,68,Norway
338,Danny,Follet,29,Honduras
339,Mari,Covotto,38,Colombia
340,Janene,Kalkofer,72,Indonesia
341,Tony,Fiander,70,Iran
342,Silvia,Comolli,86,Russia
343,Jaymie,Gauford,65,China
344,Hazel,Matysik,23,Philippines
345,Risa,Slegg,94,Finland
346,Kissiah,Piquard,74,Greece
347,Lacey,Neiland,51,Russia
348,Ericha,Dulson,49,China
349,Damien,Verrills,40,Japan
350,Magdalena,Cresser,53,Philippines
351,Charlie,Havick,37,Japan
352,Bourke,Baldack,94,Portugal
353,Issiah,Chessun,54,Thailand
354,Chic,Felkin,45,Indonesia
355,Christian,Uccello,78,China
356,Moyna,Gagin,85,Israel
357,Lyman,McCorkindale,68,Canada
358,Karleen,Lockton,54,China
359,Emmet,Sherrett,93,United States
360,Jilli,Bastock,32,Pakistan
361,Haley,Frail,40,China
362,Kevon,Winder,92,Poland
363,Randi,Gazzard,54,China
364,Clovis,Phette,22,Russia
365,Terri,Glasser,75,Croatia
366,Letty,Whitfield,68,China
367,Reuben,Ramsted,53,Vietnam
368,Taddeusz,Ardley,69,Indonesia
369,Stacee,Slite,50,Russia
370,Sharai,Schubart,75,China
371,Fransisco,Divis,76,Russia
372,Devina,Mariner,71,China
373,Clayson,Kiely,18,Finland
374,Ulises,Teanby,68,Afghanistan
375,Peria,Archley,82,China
376,Kalil,Golledge,88,China
377,Sandy,Siggs,86,Indonesia
378,Sidney,Goullee,42,China
379,Ebony,Rubin,34,China
380,Lotti,Trayhorn,39,Vietnam
381,Claudetta,Furlong,89,Sweden
382,Rudie,Donne,41,Indonesia
383,Benoite,Peek,93,Colombia
384,Beck,Niccolls,18,Indonesia
385,Shirline,Upex,57,Gabon
386,Erick,Hodjetts,18,Vietnam
387,Arlen,Gyngell,85,Morocco
388,Maurise,Hanning,97,Indonesia
389,Agnella,Kendle,35,China
390,Casandra,Layhe,66,Poland
391,Tania,Clouston,44,Botswana
392,Earlie,Trematick,95,Indonesia
393,Eydie,Summerbell,28,Pakistan
394,Kelvin,Paffitt,95,Mexico
395,Tabitha,Codling,36,China
396,Nicko,Sims,28,Ireland
397,Mabelle,Commuzzo,87,Peru
398,Heidi,Polly,97,Philippines
399,Lesley,Lergan,32,Belarus
400,Cherish,Jehaes,91,Australia
401,Bent,Lunam,52,China
402,Cliff,Lanchberry,50,Indonesia
403,Estell,Figgins,18,Ukraine
404,Rock,Huggan,66,Belarus
405,Ula,Woodland,31,Serbia
406,Novelia,Deary,55,China
407,Andree,Hartin,76,Brazil
408,Eddi,McMurdo,18,China
409,Alaine,Sutherel,56,Sri Lanka
410,Chery,Arrigo,86,Venezuela
411,Midge,Jennery,56,China
412,Linda,Breeds,39,Finland
413,Kelsey,Blockley,98,Afghanistan
414,Woody,Buttrum,82,United States
415,Nye,Santorini,27,Poland
416,Chloe,Geaney,39,Argentina
417,Jeramey,Daish,27,Peru
418,Dyanne,Withnall,79,United Kingdom
419,Gage,Adlard,58,China
420,Allin,Sara,18,Yemen
421,Tommie,Hare,46,France
422,Gwenny,Wellings,88,Cuba
423,Elonore,Kowal,35,Venezuela
424,Hillary,Stenning,85,Argentina
425,Bastian,Lashbrook,75,Costa Rica
426,Karmen,Kerswill,47,Czech Republic
427,Arluene,Schrir,42,Poland
428,Vinnie,Indruch,77,Honduras
429,Franni,Le Gassick,72,Philippines
430,Merilyn,Askam,49,Indonesia
431,Andrej,Gauthorpp,76,China
432,Malanie,Harriott,87,China
433,Loren,Castellucci,95,Indonesia
434,Iseabal,McEwan,85,Bulgaria
435,Torin,Maplethorp,47,Brazil
436,Frederico,Saladin,97,Kazakhstan
437,Idette,Crockford,65,Brazil
438,Misha,Trouncer,61,Thailand
439,Efrem,Barbisch,63,Thailand
440,Teddy,Willeman,71,Mauritius
441,Justinian,McGettrick,73,Sweden
442,Calla,Jowett,41,Sweden
443,Obediah,Maffini,70,Guatemala
444,Peder,Warsap,80,South Korea
445,Lurleen,Klosser,60,Netherlands
446,Modesty,Robelow,88,China
447,Rafaello,Culley,58,United States
448,Serene,Murra,67,Brazil
449,Angeli,Gate,97,Sweden
450,Bili,Broschek,33,Russia
451,Leigh,Lasslett,72,Japan
452,Andra,Boerder,37,Latvia
453,Kory,Fleetham,77,United States
454,Tanya,Cornhill,21,Georgia
455,Marcos,Screen,49,Netherlands
456,Courtnay,Smiley,46,China
457,Lula,Simoncelli,72,United States
458,Marin,McCraine,20,Vietnam
459,Jamesy,Mawd,87,China
460,Kelcey,Cains,67,Philippines
461,Marlowe,Paoletto,48,Albania
462,Tam,Dawney,35,France
463,Keenan,Flowerdew,83,Indonesia
464,Venita,Skillman,20,France
465,Tedra,Eastwood,31,China
466,Jarid,Utting,19,Ukraine
467,Corrie,Van der Merwe,26,Russia
468,Malvina,Attride,20,Russia
469,Nanni,Gavan,23,France
470,Cynthea,McKerron,40,Philippines
471,Alf,Simonsen,93,China
472,Fernande,Witty,87,Nicaragua
473,Leonidas,Loudon,36,Philippines
474,Britte,Hamsley,40,Czech Republic
475,Errol,Sorrie,69,Portugal
476,Othilie,Moniker,85,Honduras
477,Gael,O'Sheils,31,Portugal
478,Loy,Rasell,86,Hungary
479,Elyse,Edwards,90,Philippines
480,Rad,Hanscome,93,Madagascar
481,Lanie,Regina,69,China
482,Farris,Pook,56,France
483,Carey,Ghidetti,51,Thailand
484,Kalil,Lorenc,76,Ireland
485,Hillel,Donet,40,Palestinian Territory
486,Adelaida,Blackie,18,Georgia
487,Billi,Piburn,72,Czech Republic
488,Maisie,Degoix,58,Portugal
489,Randi,Seaborne,79,Russia
490,Grange,Crabb,23,United States
491,Jennine,Mash,94,Guinea-Bissau
492,Klarika,Seabourne,94,Colombia
493,Cathrine,Cranidge,32,Costa Rica
494,Donnajean,Menat,52,Indonesia
495,Norean,Ruprich,86,Portugal
496,Caryn,Matussevich,47,Indonesia
497,Corrie,Gallandre,48,Russia
498,Greggory,Noke,37,Russia
499,Sibylle,Canero,32,Guatemala
500,Sibel,Crocket,77,Ecuador
